<Components xmlns:xsd="http://www.w3.org/2001/XMLSchema" xmlns:xsi="http://www.w3.org/2001/XMLSchema-instance" xmlns="http://schemas.microsoft.com/crm/2009/"><Component><Id>f04394cc-1ebb-e611-8101-c4346bac8af8</Id><Name>Exchange WebLink</Name><ComponentType>2</ComponentType><TypeName>Attribute</TypeName><ParentEntity>Auto Scheduler Tracker</ParentEntity><Action>Remove</Action><Comments><Comment>The Attribute Exchange WebLink hasn't been added to the solution because it's a new Attribute, or it contains components that won't work in earlier versions of CRM. 
    </Comment></Comments></Component><Component><Id>f24394cc-1ebb-e611-8101-c4346bac8af8</Id><Name>Exchange Item ID</Name><ComponentType>2</ComponentType><TypeName>Attribute</TypeName><ParentEntity>Auto Scheduler Tracker</ParentEntity><Action>Remove</Action><Comments><Comment>The Attribute Exchange Item ID hasn't been added to the solution because it's a new Attribute, or it contains components that won't work in earlier versions of CRM. 
    </Comment></Comments></Component><Component><Id>e94394cc-1ebb-e611-8101-c4346bac8af8</Id><Name>On Hold Time (Minutes)</Name><ComponentType>2</ComponentType><TypeName>Attribute</TypeName><ParentEntity>Auto Scheduler Tracker</ParentEntity><Action>Remove</Action><Comments><Comment>The Attribute On Hold Time (Minutes) hasn't been added to the solution because it's a new Attribute, or it contains components that won't work in earlier versions of CRM. 
    </Comment></Comments></Component><Component><Id>034494cc-1ebb-e611-8101-c4346bac8af8</Id><Name>Last SLA applied</Name><ComponentType>2</ComponentType><TypeName>Attribute</TypeName><ParentEntity>Auto Scheduler Tracker</ParentEntity><Action>Remove</Action><Comments><Comment>The Attribute Last SLA applied hasn't been added to the solution because it's a new Attribute, or it contains components that won't work in earlier versions of CRM. 
    </Comment></Comments></Component><Component><Id>e64394cc-1ebb-e611-8101-c4346bac8af8</Id><Name>Sort Date</Name><ComponentType>2</ComponentType><TypeName>Attribute</TypeName><ParentEntity>Auto Scheduler Tracker</ParentEntity><Action>Remove</Action><Comments><Comment>The Attribute Sort Date hasn't been added to the solution because it's a new Attribute, or it contains components that won't work in earlier versions of CRM. 
    </Comment></Comments></Component><Component><Id>e04394cc-1ebb-e611-8101-c4346bac8af8</Id><Name>Last On Hold Time</Name><ComponentType>2</ComponentType><TypeName>Attribute</TypeName><ParentEntity>Auto Scheduler Tracker</ParentEntity><Action>Remove</Action><Comments><Comment>The Attribute Last On Hold Time hasn't been added to the solution because it's a new Attribute, or it contains components that won't work in earlier versions of CRM. 
    </Comment></Comments></Component><Component><Id>fd4394cc-1ebb-e611-8101-c4346bac8af8</Id><Name>SLA</Name><ComponentType>2</ComponentType><TypeName>Attribute</TypeName><ParentEntity>Auto Scheduler Tracker</ParentEntity><Action>Remove</Action><Comments><Comment>The Attribute SLA hasn't been added to the solution because it's a new Attribute, or it contains components that won't work in earlier versions of CRM. 
    </Comment></Comments></Component><Component><Id>714494cc-1ebb-e611-8101-c4346bac8af8</Id><Name>pw_autoschedulertracker_sla_slaid</Name><ComponentType>10</ComponentType><TypeName>EntityRelationship</TypeName><ParentEntity>SLA</ParentEntity><Action>Remove</Action><Comments><Comment>The EntityRelationship pw_autoschedulertracker_sla_slaid hasn't been added to the solution because it contains at least one DependencyFeature that won't work in earlier versions of CRM. 
    </Comment></Comments></Component><Component><Id>844494cc-1ebb-e611-8101-c4346bac8af8</Id><Name>pw_autoschedulertracker_sla_slainvokedid</Name><ComponentType>10</ComponentType><TypeName>EntityRelationship</TypeName><ParentEntity>SLA</ParentEntity><Action>Remove</Action><Comments><Comment>The EntityRelationship pw_autoschedulertracker_sla_slainvokedid hasn't been added to the solution because it contains at least one DependencyFeature that won't work in earlier versions of CRM. 
    </Comment></Comments></Component></Components>